EeG1ueOK2V2Pr4Bn.png,188
mA4fiCSGnXBNvGCA.png,155
NDdWTv29fAB07zLv.png,80
qMKlJhf1WVTmv4yG.png,139
bb9ouoK4qoRymDY6.png,95
QJXKLosEAuvLcXzU.png,153
xbSRR3mQs3bf9zIt.png,173
CFqYJ63BU68noUHa.png,114
Q8gT5liYfubysRlO.png,92
NhhxSuhzuZHOGPNb.png,118
otDVXXmFH0cI1PUC.png,114
VrcICYKqSX5A6yTp.png,119
zPOvRevcv01T4lQ4.png,126
TyrpNbUWa2T7ClPF.png,159
vf4MHFYZSXSXq8ey.png,98
cCobo220meaMQdMq.png,181
dqBLkxHKVaRXcK9J.png,88
gFB4WhV46be9tOYI.png,125
0GMYnk1a8FScUrzw.png,48
0d3Fv3pNgSJSlBZq.png,100
QwnL982cY576Izfk.png,182
2XlQCVvYRHvkal3Z.png,95
5bbBUq7x1wWfPqSs.png,106
afjptE53VdG6of60.png,172
xBTWRbbrQUdvSgj3.png,95
8jX7eNS63r9CqQvX.png,173
YFxIBVVGKMtsc9kU.png,151
nVJ78f7gH8s1Ba4G.png,0
accGhXqAT4rzgX4m.png,0
ZzQT1jVUyoBFER2Z.png,96
8y2xFWjwfkjv7BQL.png,63
ucpqfKq59cRlMgxX.png,105
lx7DQtRrvqAO60f0.png,98
io6H5He3rUc5rmlI.png,162
Wa5SbSKSikLno99Q.png,113
8EYrHiYjAQLq77yu.png,102
jB47oKMSsdcDbxxQ.png,60
OxmEKgsSxXdOjdGV.png,96
uulEsao59yhy116J.png,102
8UKmA16KbbnEOrxB.png,159
Epnc1NanuS2kg3v0.png,93
69cYpuPjVT3B9hVS.png,57
2Zm8HRhZsnmpBkiw.png,103
MwPyvyQnUhZnhl86.png,140
3vEJHQVMQkstguxa.png,74
XBmWeNfI0cGB2m5m.png,188
WrnyM30KjTnkFsrk.png,181
4ZMIOzxQQAizaDA1.png,59
mTLkieNa7UshFg2Z.png,118
71JUlB5JggFfTPp4.png,96
x1MJNBzEySYwwUG8.png,48
qvrcgVFMTh0Ym7v2.png,116
EC2RrjqYbp6rSLRt.png,174
6CcmnjhkojhiH3Vk.png,78
UqpTjzzDrEOSYQnV.png,93
0jZbsIHZoOpjEjFa.png,96
MUKTuGaBqEfP1T0V.png,147
G8h21hlRPbbhU3q8.png,48
vbeUY9OEbRrG5c3i.png,93
2PcAr6ymUkCy2ETN.png,107
WlIavMs2f0PkRj73.png,183
9namItL6p5RadSgk.png,62
AWb1sQK5rFDI6eiJ.png,127
HwtrPSc1DZb7MsBv.png,106
gKnfJFo97iSuZzXM.png,112
zBU4RHOVtw2eeNTX.png,108
lxelCYbWPma6RFkK.png,171
DIOP8LuUJplZLGPC.png,136
casZJ1LPqJYWvfT7.png,76
dFSVZGPegiUairRs.png,52
TN90T3xpAhDfrY8V.png,155
cxELODzV4ul918Zm.png,72
lOZrN6ogxuAelzMr.png,155
YIYeJtbz0vm2ojpX.png,73
IbiIQuiLzarxSq5I.png,73
z1UmrcIhLqWf4t2z.png,160
Kmzvxt4MX4mI3t95.png,102
9bXnSjyFOy05siNp.png,124
gjgPqoPVYhlcmVrR.png,164
CMgJTcOqhfQvkWQ1.png,83
VW1EUj8sTZsOCqSJ.png,65
xfSb436utdbRsWSx.png,130
T2tekDoB09JoPdma.png,189
BTf6iOEeS2bCHp0S.png,69
lG7aUqA3jJz4tZAv.png,111
AKtwokFRIncjWPSr.png,160
pvNH3PXS6f7OG95I.png,135
QASmUIhqVJUdrjc8.png,106
Ajsa0Xx3k3KN9720.png,115
Kde6IUs3wYfeDhJv.png,166
0Hr3HXyfNF7JHke1.png,85
rI75uycDnAI0e2xa.png,123
M0EvpYuX3y6euUlb.png,191
nM3ItxvE0pj6MjxV.png,98
LHBvgJQjKbl3J4AY.png,110
xj2kMivYrt8IQd3o.png,113
wLaJIjvhRYI20v39.png,127
at12n7vvtAg1xn9w.png,126
j764uE0WBbpp7wOE.png,167
P59AZUXUi15xilGR.png,122
RP9NRLi8NdeGKPrx.png,103
k5BeaGvksJcRACeh.png,146
7Uy5WFtJoyhG27Y1.png,127
xRdQkOAW11ksoY4g.png,177
NxUKDl0P6QdubQyc.png,91
GFWtgq3xE4NVQ70e.png,132
THuk0LeleL0kuyR1.png,114
wjzj7yRWcT9kBy0G.png,158
RMKa5KfqbduKIzcw.png,107
uGZhlPKg5xGQEBLt.png,66
bDGeD1cFtdw57lqU.png,187
UVbpzlXarj8MFDu4.png,152
tq1TzUsGl5lqm198.png,73
tFf6ajxax1PElnMu.png,148
rcVVTg5yk7k2lpGG.png,93
Ls9L84Y0ooMnk9W7.png,119
iMTL7cXDqz5li6hi.png,105
HroCtaBzedvsvdCb.png,62
96ij5b7kAd72AICW.png,101
6vrqOfp4ik4fVRJc.png,100
bWX7ebX7AKBSjkad.png,132
JDtQaC5waz0GpFKo.png,114
nmEmQULKN9Q0DllQ.png,56
dkXfnznZPO6CA9yD.png,143
b2de2OdTXcna7mQF.png,52
BxyvJxE4rHRRenvO.png,151
Io9RrnfaoweLM4CM.png,84
n8v9WDOWrdOyrGaK.png,86
tl8L3WBs2lBWxmYo.png,85
KrkRoBLbALrBTmBR.png,141
jBpaEoOV9dzLW299.png,68
TVpyNYlEWjxSzZSd.png,141
mQw3u9vondjOA8ZF.png,106
fFpNJFKdco7J9u2H.png,42
Yi0jjI0Va3f76n6b.png,175
bu054Lagll0QG087.png,110
HOwKx8EZ9NB39PiT.png,115
edlYfsQFrq6BxoPk.png,90
xs8SXRcqeUMqzpHL.png,69
MBymviw1HWtzkU6u.png,164
dmW3JLMmBOiQ6iP0.png,77
dnG2DlLwr3uf1Thx.png,143
OIntYMcL4frxGRpX.png,178
at5xfMnH3nHtDziu.png,158
luust1Zh6xRQFwfO.png,76
bDZFZAMbdxWQCotg.png,121
BTRLXE90DzjTMFuf.png,137
Q5Oj7MCbTxgZ5H23.png,114
ydgspPQY1B1z50ls.png,88
uDQDtxyoFEIzlbnw.png,141
xpxYjAMySltXztrN.png,117
z7nYuPBaG7CETIKp.png,142
8VYwNAo7CFbl60wA.png,126
50j4QXqHVbtIxGjP.png,62
f4TZONmP1USEn0Zf.png,127
2ozlSn7d1h0hEsXL.png,139
I9wlbo1X4QqaeFXA.png,176
mWQshStNKa8VpdIp.png,126
tWOH441ylShI6Rct.png,132
SlJTmGcNy313APj6.png,112
D1Tewzs8hsHjDY9B.png,80
mGqDHtTHqsd4nKWF.png,126
rKcnNcP9iO7gL6oy.png,117
wfKwNsdleImMy2ey.png,125
AebgBStYXFm5AxLJ.png,192
8RegNFlE3QeoydN1.png,96
t393zaW2h6HZrKR7.png,113
GvRqdGcPpJPZhhKE.png,120
6gU0ICi9UScTTWRc.png,77
ewJyq4SB6NJi2mzc.png,63
emkg80rElVCnJBTZ.png,158
b1euDbMXugFJ0B5o.png,178
UX6DZkL0DymZew9z.png,118
wm54XHy3CfZYPQDd.png,114
KSpUX6vUTYmZgmjU.png,58
9Hl1a1wGDFR3s27y.png,129
9NKfmpMu8pLzfD7y.png,116
tP9WDR4IxfeeE5CW.png,152
4iBiGIgV1KJpmJYO.png,79
8QvFBvzuOEO2DHxD.png,82
hB2nDr252LJ7Wkqn.png,61
mQgFs4F8yXr3vQFL.png,192
DnHOvFyad5YaU2BU.png,55
5fB4mgY5WKK1acoI.png,156
cdVJf5gJWIiQ6ZUs.png,146
TudgF5YpWUxQ2hCe.png,138
i3BDDPtN2pmCFrtR.png,127
66e9U0SctGrVydxo.png,131
DauV20Bvh930FQzs.png,85
JpJxxZvcbWXtzOQq.png,144
0s9sj3zc3vemReZC.png,122
cspC0XyC1llPKIgZ.png,182
i0OE98L2bEvaNPUu.png,112
112M72LDWvP9WXzw.png,130
9Oo77SIrM5hPMOmq.png,49
bHQ2B1qWOOTqe9xY.png,98
sMCAv1ji1Yw4nHBK.png,160
RjD5iVr5RA2VA7BA.png,72
7GZtGjwK243ZVbXg.png,108
GJL3uzSiZJWf5JeS.png,112
bwe2M9NWQwdCPNXR.png,168
AEmUJOCPHHAiCL5O.png,136
GlApDEFrdRNdg8g3.png,185
wtzyUhkRcjGZ4Guj.png,48
TtByPyVPZ4YTPcdd.png,164
bKTlhL64ceBMMJkc.png,57
Y7zcW1R0u7MGXr41.png,61
9cLB9FuaZzU0ckLG.png,118
sSl4ipEdd3llIsD6.png,110
Ihht2uXxcGRexGdP.png,162
jTnTetPxhDYJYV9W.png,98
ZG1Byb0ce6ltXR5D.png,60
7sQ3e6zmRnZGxCLV.png,96
ib5JFtK3PqlB86K0.png,129
hZqX3blJaSJEdfno.png,182
fg5ZFudP142JwNLL.png,117
bN8k7OPZxiMqgNSL.png,170
ojyS4vaDB341Ic3W.png,110
djgZ8qXLj8ELdPeu.png,94
4Un9XJ2dOxNJnsTx.png,95
Gnj4OfhWTioY6smx.png,93
0AAtXmKUNuysmXtI.png,94
sFJddIJXIfbvSQNH.png,115
TwebSCwUehYP8cc1.png,151
KX5TBycGoHNTaoL6.png,186
1yLn0jkeejKU5Bph.png,114
p7l7YGWoWOYdMuJ6.png,157
9viJ77IUrpIXjRbc.png,168
2zp1lLh6tDxpV17R.png,149
p0H0nvcbAY3jc1wC.png,143
ti2dZa2iK6rD7NFq.png,131
aSm4ztWoKxSAKUU0.png,97
l42njC8uJaiYIUMK.png,117
ndfhngrc2MQQ9GQt.png,154
fuJYJGK2ZQdj1ha7.png,174
ADlzMYaSwssljhfE.png,133
3xvAXfPXgnJgpGuR.png,98
8Z5AQxszpb4teLMM.png,94
v4R8Kijp7hxCxcEE.png,98
cWmenM1jra2obTsW.png,98
bO9fPWbh4cHp4NkG.png,46
PmHaeta9OaCKbcJ1.png,158
C2UtIsVoRULd6Pwi.png,62
lPNYAFSwxQdqnibt.png,71
jwKtWA2ZGGCdUdSM.png,157
cf2lXKRmAJp32wjL.png,179
56jFI1FDJ3qakGjz.png,122
Mki90hsGCel0UwuO.png,92
hU2lSn4aX8EPlsoW.png,78
wBt2gLpK1FN54R4K.png,110
xlFLznkllrbLSvJf.png,119
mqf8AZCR34Ec2yZN.png,93
gDJXCToyagbbXFd8.png,111
OWKxyZyuppSDiClH.png,100
zM2r5pmLboMXieah.png,126
d4VGPvg6AEupylDY.png,98
3DKB9CjRdMwNEvTf.png,59
9ATQfzGcLis6yEK5.png,140
B0drrW4ZGzERYXE6.png,130
E32mL5luKAmjKjir.png,98
JGV4e0h58FGfhGYO.png,88
qd8blZBfZyMtcGrg.png,95
hDv7BG79bWH1n4jb.png,80
xcuenxxTIDhlcCdO.png,189
7A4RYa6WphOIEopN.png,51
1GD9A3kxtfCrRAUm.png,119
frWO8sNLLZK99Bxe.png,170
4hIntOg0JYE7vwUW.png,45
v77sqk0L7Y6foYR5.png,79
NavNLkKlyvnV11sb.png,126
jo0HHGmDrq42eBXG.png,102
hbSdrjf0ohsSdjym.png,191
7I5k4My2uL88zSuj.png,174
GajnAp4kcp1E7Fmp.png,166
2gCrWHr5jIMu1Uh3.png,137
kmWLUX6dtxdQroOY.png,162
